<?xml version="1.0" encoding="UTF-8"?>
<configurationDescriptor version="95">
  <logicalFolder name="root" displayName="root" projectFiles="true" kind="ROOT">
    <df root="." name="0">
      <df name="app">
        <in>LineTracer.cpp</in>
        <in>LineTracerWithStarter.cpp</in>
      </df>
      <df name="unit">
        <in>BalancerCpp.cpp</in>
        <in>BalancingWalker.cpp</in>
        <in>LineMonitor.cpp</in>
        <in>Starter.cpp</in>
      </df>
      <in>app.cpp</in>
      <in>balancer.c</in>
      <in>balancer_param.c</in>
    </df>
    <logicalFolder name="ExternalFiles"
                   displayName="重要なファイル"
                   projectFiles="false"
                   kind="IMPORTANT_FILES_FOLDER">
      <itemPath>../Makefile</itemPath>
    </logicalFolder>
  </logicalFolder>
  <sourceFolderFilter>^(nbproject)$</sourceFolderFilter>
  <sourceRootList>
    <Elem>.</Elem>
  </sourceRootList>
  <projectmakefile>../Makefile</projectmakefile>
  <confs>
    <conf name="Default" type="0">
      <toolsSet>
        <compilerSet>MinGW|MinGW</compilerSet>
        <dependencyChecking>false</dependencyChecking>
        <rebuildPropChanged>false</rebuildPropChanged>
      </toolsSet>
      <codeAssistance>
      </codeAssistance>
      <makefileType>
        <makeTool>
          <buildCommandWorkingDir>..</buildCommandWorkingDir>
          <buildCommand>${MAKE} -f Makefile mod=etrobo_tr_2015_s_ex1 PWD="C:/Users/ohs45025/Documents/ev3/hrp2/workspace"</buildCommand>
          <cleanCommand>${MAKE} -f Makefile clean</cleanCommand>
          <executablePath></executablePath>
          <cTool>
            <incDir>
              <pElem></pElem>
            </incDir>
          </cTool>
        </makeTool>
      </makefileType>
      <item path="app.cpp" ex="false" tool="1" flavor2="4">
        <ccTool>
          <incDir>
            <pElem></pElem>
          </incDir>
        </ccTool>
      </item>
      <item path="app/LineTracer.cpp" ex="false" tool="1" flavor2="4">
      </item>
      <item path="app/LineTracerWithStarter.cpp" ex="false" tool="1" flavor2="4">
      </item>
      <item path="balancer.c" ex="false" tool="0" flavor2="2">
      </item>
      <item path="balancer_param.c" ex="false" tool="0" flavor2="2">
      </item>
      <folder path="0/app">
        <ccTool>
          <incDir>
            <pElem>app</pElem>
          </incDir>
        </ccTool>
      </folder>
      <folder path="0/unit">
        <ccTool>
          <incDir>
            <pElem>unit</pElem>
          </incDir>
        </ccTool>
      </folder>
      <item path="unit/BalancerCpp.cpp" ex="false" tool="1" flavor2="4">
      </item>
      <item path="unit/BalancingWalker.cpp" ex="false" tool="1" flavor2="4">
      </item>
      <item path="unit/LineMonitor.cpp" ex="false" tool="1" flavor2="4">
      </item>
      <item path="unit/Starter.cpp" ex="false" tool="1" flavor2="4">
      </item>
    </conf>
  </confs>
</configurationDescriptor>
